,number,,date,,
tmp2,17010,1,2013-01-01,,
tmp2,22121,2,2013-01-02,,
tmp2,22305,3,2013-01-03,,
tmp2,20604,4,2013-01-04,,
tmp2,20286,5,2013-01-05,,
tmp2,17811,6,2013-01-06,,
tmp2,21620,7,2013-01-07,,
tmp2,17749,8,2013-01-08,,
tmp2,17566,9,2013-01-09,,
tmp2,21374,10,2013-01-10,,
tmp2,22220,11,2013-01-11,,
tmp2,25704,12,2013-01-12,,
tmp2,18432,13,2013-01-13,,
tmp2,21314,14,2013-01-14,,
tmp2,19600,15,2013-01-15,,
tmp2,18455,16,2013-01-16,,
tmp2,23082,17,2013-01-17,,
tmp2,25510,18,2013-01-18,,
tmp2,27167,19,2013-01-19,,
tmp2,22255,20,2013-01-20,,
tmp2,21885,21,2013-01-21,,
tmp2,18707,22,2013-01-22,,
tmp2,19093,23,2013-01-23,,
tmp2,23237,24,2013-01-24,,
tmp2,25609,25,2013-01-25,,
tmp2,28453,26,2013-01-26,,
tmp2,20913,27,2013-01-27,,
tmp2,21145,28,2013-01-28,,
tmp2,18267,29,2013-01-29,,
tmp2,NA,30,NA,,
tmp2,15699,31,2013-01-30,,
tmp2,18361,32,2013-01-31,,
tmp2,18127,33,2013-02-01,,
tmp2,20467,34,2013-02-02,,
tmp2,13572,35,2013-02-03,,
tmp2,13841,36,2013-02-04,,
tmp2,12200,37,2013-02-05,,
tmp2,12824,38,2013-02-06,,
tmp2,20364,39,2013-02-07,,
tmp2,28263,40,2013-02-08,,
tmp2,30858,41,2013-02-09,,
tmp2,19868,42,2013-02-10,,
tmp2,24648,43,2013-02-11,,
tmp2,24305,44,2013-02-12,,
tmp2,26206,45,2013-02-13,,
tmp2,25516,46,2013-02-14,,
tmp2,27413,47,2013-02-15,,
tmp2,28932,48,2013-02-16,,
tmp2,24454,49,2013-02-17,,
tmp2,24932,50,2013-02-18,,
tmp2,22340,51,2013-02-19,,
tmp2,24254,52,2013-02-20,,
tmp2,26674,53,2013-02-21,,
tmp2,29178,54,2013-02-22,,
tmp2,31184,55,2013-02-23,,
tmp2,26917,56,2013-02-24,,
tmp2,26091,57,2013-02-25,,
tmp2,25704,58,2013-02-26,,
tmp2,30906,59,2013-02-27,,
tmp2,31319,60,2013-02-28,,
tmp2,34580,61,2013-03-01,,
tmp2,18060,62,2013-03-02,,
tmp2,17100,63,2013-03-03,,
tmp2,17385,64,2013-03-04,,
tmp2,14481,65,2013-03-05,,
tmp2,14711,66,2013-03-06,,
tmp2,19595,67,2013-03-07,,
tmp2,22660,68,2013-03-08,,
tmp2,21168,69,2013-03-09,,
tmp2,16722,70,2013-03-10,,
tmp2,18874,71,2013-03-11,,
tmp2,15749,72,2013-03-12,,
tmp2,16056,73,2013-03-13,,
tmp2,20947,74,2013-03-14,,
tmp2,26700,75,2013-03-15,,
tmp2,25192,76,2013-03-16,,
tmp2,19551,77,2013-03-17,,
tmp2,24271,78,2013-03-18,,
tmp2,21828,79,2013-03-19,,
tmp2,24280,80,2013-03-20,,
tmp2,25320,81,2013-03-21,,
tmp2,29740,82,2013-03-22,,
tmp2,29640,83,2013-03-23,,
tmp2,27434,84,2013-03-24,,
tmp2,27580,85,2013-03-25,,
tmp2,25592,86,2013-03-26,,
tmp2,27028,87,2013-03-27,,
tmp2,23503,88,2013-03-28,,
tmp2,32181,89,2013-03-29,,
tmp2,30840,90,2013-03-30,,
tmp2,25761,91,2013-03-31,,
tmp2,34919,92,2013-04-01,,
tmp2,32646,93,2013-04-02,,
tmp2,21098,94,2013-04-03,,
tmp2,30704,95,2013-04-04,,
tmp2,37203,96,2013-04-05,,
tmp2,28540,97,2013-04-06,,
tmp2,29849,98,2013-04-07,,
tmp2,NA,99,NA,,
tmp2,37706,100,2013-04-08,,
tmp2,33491,101,2013-04-09,,
tmp2,25387,102,2013-04-10,,
tmp2,27407,103,2013-04-11,,
tmp2,36815,104,2013-04-12,,
tmp2,36600,105,2013-04-13,,
tmp2,33921,106,2013-04-14,,
tmp2,32641,107,2013-04-15,,
tmp2,31716,108,2013-04-16,,
tmp2,31573,109,2013-04-17,,
tmp2,35751,110,2013-04-18,,
tmp2,37910,111,2013-04-19,,
tmp2,39748,112,2013-04-20,,
tmp2,30953,113,2013-04-21,,
tmp2,34836,114,2013-04-22,,
tmp2,33292,115,2013-04-23,,
tmp2,30682,116,2013-04-24,,
tmp2,34851,117,2013-04-25,,
tmp2,36912,118,2013-04-26,,
tmp2,37190,119,2013-04-27,,
tmp2,32012,120,2013-04-28,,
tmp2,32411,121,2013-04-29,,dddd
tmp2,30794,122,2013-04-30,,
tmp2,38623,123,2013-05-01,,
tmp2,29390,124,2013-05-02,,
tmp2,33728,125,2013-05-03,,
tmp2,30316,126,2013-05-04,,
tmp2,25026,127,2013-05-05,,
tmp2,33209,128,2013-05-06,,
tmp2,32045,129,2013-05-07,,
tmp2,27904,130,2013-05-08,,
tmp2,NA,131,NA,,
tmp2,30696,132,2013-05-09,,
tmp2,33875,133,2013-05-10,,
tmp2,33293,134,2013-05-11,,
tmp2,31857,135,2013-05-12,,
tmp2,35343,136,2013-05-13,,
tmp2,32930,137,2013-05-14,,
tmp2,24989,138,2013-05-15,,
tmp2,43085,139,2013-05-16,,
tmp2,43597,140,2013-05-17,,
tmp2,25326,141,2013-05-18,,
tmp2,32048,142,2013-05-19,,
tmp2,34637,143,2013-05-20,,
tmp2,34225,144,2013-05-21,,
tmp2,31521,145,2013-05-22,,
tmp2,34438,146,2013-05-23,,
tmp2,36595,147,2013-05-24,,
tmp2,38566,148,2013-05-25,,
tmp2,30892,149,2013-05-26,,
tmp2,35467,150,2013-05-27,,
tmp2,29555,151,2013-05-28,,
tmp2,32424,152,2013-05-29,,
tmp2,NA,153,NA,,
tmp2,29850,154,2013-05-30,,
tmp2,31145,155,2013-05-31,,
tmp2,35924,156,2013-06-01,,
tmp2,29645,157,2013-06-02,,
tmp2,32778,158,2013-06-03,,
tmp2,30579,159,2013-06-04,,
tmp2,33766,160,2013-06-05,,
tmp2,42447,161,2013-06-06,,
tmp2,27435,162,2013-06-07,,
tmp2,28879,163,2013-06-08,,
tmp2,28743,164,2013-06-09,,
tmp2,35323,165,2013-06-10,,
tmp2,33005,166,2013-06-11,,
tmp2,31691,167,2013-06-12,,
tmp2,32610,168,2013-06-13,,
tmp2,35255,169,2013-06-14,,
tmp2,35172,170,2013-06-15,,
tmp2,32979,171,2013-06-16,,
tmp2,32164,172,2013-06-17,,
tmp2,25586,173,2013-06-18,,
tmp2,31086,174,2013-06-19,,
tmp2,32593,175,2013-06-20,,
tmp2,33417,176,2013-06-21,,
tmp2,34318,177,2013-06-22,,
tmp2,27499,178,2013-06-23,,
tmp2,29090,179,2013-06-24,,
tmp2,28296,180,2013-06-25,,
tmp2,30439,181,2013-06-26,,
tmp2,29918,182,2013-06-27,,
tmp2,32969,183,2013-06-29,,
tmp2,NA,184,NA,,
tmp2,NA,185,NA,,
tmp2,30438,186,2013-06-28,,
tmp2,27611,187,2013-06-30,,
tmp2,26980,188,2013-07-01,,
tmp2,26194,189,2013-07-02,,
tmp2,28372,190,2013-07-03,,
tmp2,29134,191,2013-07-04,,
tmp2,NA,192,NA,,
tmp2,29973,193,2013-07-05,,
tmp2,32186,194,2013-07-06,,
tmp2,31820,195,2013-07-07,,
tmp2,29418,196,2013-07-08,,
tmp2,29282,197,2013-07-09,,
tmp2,31780,198,2013-07-10,,
tmp2,34757,199,2013-07-11,,
tmp2,33823,200,2013-07-12,,
tmp2,35092,201,2013-07-13,,
tmp2,32846,202,2013-07-14,,
tmp2,30563,203,2013-07-15,,
tmp2,31213,204,2013-07-16,,
tmp2,34495,205,2013-07-17,,
tmp2,36672,206,2013-07-18,,
tmp2,35398,207,2013-07-19,,
tmp2,35675,208,2013-07-20,,
tmp2,31883,209,2013-07-21,,
tmp2,37009,210,2013-07-22,,
tmp2,31867,211,2013-07-23,,
tmp2,34799,212,2013-07-25,,
tmp2,35423,213,2013-07-24,,
tmp2,34719,214,2013-07-26,,
tmp2,46753,215,2013-07-27,,
tmp2,43684,216,2013-07-28,,
tmp2,42161,217,2013-07-29,,
tmp2,37740,218,2013-07-30,,
tmp2,45920,219,2013-07-31,,
tmp2,49361,220,2013-08-01,,
tmp2,42862,221,2013-08-02,,
tmp2,43109,222,2013-08-03,,
tmp2,42227,223,2013-08-04,,
tmp2,38561,224,2013-08-05,,
tmp2,37324,225,2013-08-06,,
tmp2,38952,226,2013-08-07,,
tmp2,43091,227,2013-08-08,,
tmp2,39773,228,2013-08-09,,
tmp2,40871,229,2013-08-10,,
tmp2,38815,230,2013-08-11,,
tmp2,41320,231,2013-08-12,,
tmp2,44140,232,2013-08-13,,
tmp2,42528,233,2013-08-14,,
tmp2,47004,234,2013-08-15,,
tmp2,34469,235,2013-08-16,,
tmp2,33901,236,2013-08-17,,
tmp2,NA,237,NA,,
tmp2,33221,238,2013-08-18,,
tmp2,36966,239,2013-08-19,,
tmp2,29035,240,2013-08-20,,
tmp2,35115,241,2013-08-21,,
tmp2,33222,242,2013-08-22,,
tmp2,33383,243,2013-08-23,,
tmp2,34790,244,2013-08-24,,
tmp2,37459,245,2013-08-25,,
tmp2,39509,246,2013-08-26,,
tmp2,33356,247,2013-08-27,,
tmp2,35134,248,2013-08-28,,
tmp2,34387,249,2013-08-29,,
tmp2,32931,250,2013-08-30,,
tmp2,28835,251,2013-08-31,,
tmp2,29246,252,2013-09-01,,
tmp2,29584,253,2013-09-02,,
tmp2,25352,254,2013-09-03,,
tmp2,28865,255,2013-09-04,,
tmp2,32458,256,2013-09-05,,
tmp2,30832,257,2013-09-06,,
tmp2,31771,258,2013-09-07,,
tmp2,30502,259,2013-09-08,,
tmp2,29204,260,2013-09-09,,
tmp2,29144,261,2013-09-10,,
tmp2,26070,262,2013-09-11,,
tmp2,28647,263,2013-09-12,,
tmp2,NA,264,NA,,
tmp2,28622,265,2013-09-13,,
tmp2,32027,266,2013-09-14,,
tmp2,26158,267,2013-09-15,,
tmp2,29051,268,2013-09-16,,
tmp2,37890,269,2013-09-17,,
tmp2,45940,270,2013-09-18,,
tmp2,40267,271,2013-09-19,,
tmp2,36285,272,2013-09-20,,
tmp2,30367,273,2013-09-21,,
tmp2,33813,274,2013-09-22,,
tmp2,31344,275,2013-09-23,,
tmp2,32270,276,2013-09-24,,
tmp2,33561,277,2013-09-25,,
tmp2,36036,278,2013-09-26,,
tmp2,37384,279,2013-09-27,,
tmp2,35714,280,2013-09-28,,
tmp2,27985,281,2013-09-29,,
tmp2,35634,282,2013-09-30,,
tmp2,32543,283,2013-10-01,,
tmp2,36458,284,2013-10-02,,
tmp2,43885,285,2013-10-03,,
tmp2,33851,286,2013-10-04,,
tmp2,27705,287,2013-10-05,,
tmp2,26400,288,2013-10-06,,
tmp2,28101,289,2013-10-07,,
tmp2,18110,290,2013-10-08,,
tmp2,33808,291,2013-10-09,,
tmp2,31838,292,2013-10-10,,
tmp2,30514,293,2013-10-11,,
tmp2,38774,294,2013-10-12,,
tmp2,29718,295,2013-10-13,,
tmp2,33902,296,2013-10-14,,
tmp2,31702,297,2013-10-15,,
tmp2,34037,298,2013-10-16,,
tmp2,33083,299,2013-10-17,,
tmp2,36107,300,2013-10-18,,
tmp2,NA,301,NA,,
tmp2,36087,302,2013-10-19,,
tmp2,30971,303,2013-10-20,,
tmp2,38783,304,2013-10-21,,
tmp2,NA,305,NA,,
tmp2,31944,306,2013-10-22,,
tmp2,32955,307,2013-10-23,,
tmp2,31354,308,2013-10-24,,
tmp2,34929,309,2013-10-25,,
tmp2,39310,310,2013-10-26,,
tmp2,35207,311,2013-10-27,,
tmp2,30949,312,2013-10-28,,
tmp2,26194,313,2013-10-29,,
tmp2,26705,314,2013-10-30,,
tmp2,33391,315,2013-10-31,,
tmp2,NA,316,NA,,
tmp2,34261,317,2013-11-01,,
tmp2,34839,318,2013-11-02,,
tmp2,29684,319,2013-11-03,,
tmp2,30830,320,2013-11-04,,
tmp2,25814,321,2013-11-05,,
tmp2,NA,322,NA,,
tmp2,NA,323,NA,,
tmp2,28670,324,2013-11-06,,
tmp2,32895,325,2013-11-07,,
tmp2,38076,326,2013-11-08,,
tmp2,34204,327,2013-11-09,,
tmp2,29958,328,2013-11-10,,
tmp2,28689,329,2013-11-11,,
tmp2,26744,330,2013-11-12,,
tmp2,NA,331,NA,,
tmp2,27857,332,2013-11-13,,
tmp2,31804,333,2013-11-14,,
tmp2,29395,334,2013-11-15,,
tmp2,27145,335,2013-11-16,,
tmp2,26026,336,2013-11-17,,
tmp2,23705,337,2013-11-18,,
tmp2,22101,338,2013-11-19,,
tmp2,26063,339,2013-11-20,,
tmp2,27820,340,2013-11-21,,
tmp2,25810,341,2013-11-22,,
tmp2,24068,342,2013-11-23,,
tmp2,21261,343,2013-11-24,,
tmp2,21954,344,2013-11-25,,
tmp2,18630,345,2013-11-26,,
tmp2,20436,346,2013-11-27,,
tmp2,30494,347,2013-11-28,,
tmp2,35311,348,2013-11-29,,
tmp2,32168,349,2013-11-30,,
tmp2,23781,350,2013-12-01,,
tmp2,23433,351,2013-12-02,,
tmp2,20659,352,2013-12-03,,
tmp2,18585,353,2013-12-04,,
tmp2,27272,354,2013-12-05,,
tmp2,30066,355,2013-12-06,,
tmp2,28114,356,2013-12-07,,
tmp2,24003,357,2013-12-08,,
tmp2,22489,358,2013-12-09,,
tmp2,20744,359,2013-12-10,,
tmp2,20443,360,2013-12-11,,
tmp2,23310,361,2013-12-12,,
tmp2,27380,362,2013-12-13,,
tmp2,25998,363,2013-12-14,,
tmp2,24287,364,2013-12-15,,
tmp2,21910,365,2013-12-16,,
tmp2,21115,366,2013-12-17,,
tmp2,20326,367,2013-12-18,,
tmp2,23168,368,2013-12-19,,
tmp2,25219,369,2013-12-20,,
tmp2,27339,370,2013-12-21,,
tmp2,25830,371,2013-12-22,,
tmp2,399,372,2013-12-23,,
tmp2,22273,373,2013-12-24,,
tmp2,23636,374,2013-12-25,,
tmp2,28258,375,2013-12-26,,
tmp2,28120,376,2013-12-27,,
tmp2,30044,377,2013-12-28,,
tmp2,30904,378,2013-12-29,,
tmp2,24925,379,2013-12-30,,
tmp2,28216,380,2013-12-31,,
tmp2,26178,381,2014-01-01,,
tmp2,31189,382,2014-01-02,,
tmp2,24762,383,2014-01-03,,
tmp2,26267,384,2014-01-04,,
tmp2,24048,385,2014-01-05,,
tmp2,27404,386,2014-01-06,,
tmp2,22578,387,2014-01-07,,
tmp2,19912,388,2014-01-08,,
tmp2,24908,389,2014-01-09,,
tmp2,28526,390,2014-01-10,,
tmp2,29326,391,2014-01-11,,
tmp2,25357,392,2014-01-12,,
tmp2,26390,393,2014-01-13,,
tmp2,22542,394,2014-01-14,,
tmp2,23127,395,2014-01-15,,
tmp2,26825,396,2014-01-16,,
tmp2,29415,397,2014-01-17,,
tmp2,30300,398,2014-01-18,,
tmp2,25197,399,2014-01-19,,
tmp2,26529,400,2014-01-20,,
tmp2,21289,401,2014-01-21,,
tmp2,21633,402,2014-01-22,,
tmp2,NA,403,NA,,
tmp2,25319,404,2014-01-23,,
tmp2,23159,405,2014-01-24,,
tmp2,24281,406,2014-01-25,,
tmp2,19849,407,2014-01-26,,
tmp2,20852,408,2014-01-27,,
tmp2,23453,409,2014-01-28,,
tmp2,32346,410,2014-01-29,,
tmp2,36820,411,2014-01-30,,
tmp2,26765,412,2014-01-31,,
tmp2,24737,413,2014-02-01,,
tmp2,27572,414,2014-02-02,,
tmp2,25273,415,2014-02-03,,
tmp2,23924,416,2014-02-04,,
tmp2,24699,417,2014-02-05,,
tmp2,27940,418,2014-02-06,,
tmp2,NA,419,NA,,
tmp2,26949,420,2014-02-07,,
tmp2,27662,421,2014-02-08,,
tmp2,25264,422,2014-02-09,,
tmp2,27989,423,2014-02-10,,
tmp2,21894,424,2014-02-11,,
tmp2,24047,425,2014-02-12,,
tmp2,26874,426,2014-02-13,,
tmp2,29817,427,2014-02-14,,
tmp2,32488,428,2014-02-15,,
tmp2,30603,429,2014-02-16,,
tmp2,28663,430,2014-02-17,,
tmp2,25926,431,2014-02-18,,
tmp2,28090,432,2014-02-19,,
tmp2,33835,433,2014-02-20,,
tmp2,34586,434,2014-02-21,,
tmp2,32671,435,2014-02-22,,
tmp2,32532,436,2014-02-23,,
tmp2,33782,437,2014-02-24,,
tmp2,27077,438,2014-02-25,,
tmp2,28044,439,2014-02-26,,
tmp2,29520,440,2014-02-27,,
tmp2,30511,441,2014-02-28,,
tmp2,26249,442,2014-03-01,,
tmp2,21716,443,2014-03-02,,
tmp2,17100,444,2014-03-03,,
tmp2,18754,445,2014-03-04,,
tmp2,17503,446,2014-03-05,,
tmp2,26027,447,2014-03-06,,
tmp2,28104,448,2014-03-07,,
tmp2,29080,449,2014-03-08,,
tmp2,22703,450,2014-03-09,,
tmp2,23720,451,2014-03-10,,
tmp2,19507,452,2014-03-11,,
tmp2,19992,453,2014-03-12,,
tmp2,27360,454,2014-03-13,,
tmp2,30330,455,2014-03-14,,
tmp2,29575,456,2014-03-15,,
tmp2,25192,457,2014-03-16,,
tmp2,19551,458,2014-03-17,,
tmp2,27535,459,2014-03-18,,
tmp2,26504,460,2014-03-19,,
tmp2,33117,461,2014-03-20,,
tmp2,38870,462,2014-03-21,,
tmp2,33759,463,2014-03-22,,
tmp2,33324,464,2014-03-23,,
tmp2,35910,465,2014-03-24,,
tmp2,30864,466,2014-03-25,,
tmp2,31538,467,2014-03-26,,
tmp2,37825,468,2014-03-27,,
tmp2,39450,469,2014-03-28,,
tmp2,33766,470,2014-03-29,,
tmp2,32091,471,2014-03-30,,
tmp2,37802,472,2014-03-31,,
tmp2,34682,473,2014-04-01,,
tmp2,31708,474,2014-04-02,,
tmp2,31709,475,2014-04-02,,
tmp2,37979,476,2014-04-03,,
tmp2,38186,477,2014-04-04,,
tmp2,39748,478,2014-04-05,,
tmp2,33509,479,2014-04-06,,
tmp2,43599,480,2014-04-07,,
tmp2,42184,481,2014-04-08,,
tmp2,NA,482,NA,,
tmp2,39720,483,2014-04-09,,
tmp2,38945,484,2014-04-10,,
tmp2,NA,485,NA,,
tmp2,44279,486,2014-04-11,,
tmp2,43469,487,2014-04-12,,
tmp2,36163,488,2014-04-13,,
tmp2,38106,489,2014-04-14,,
tmp2,39378,490,2014-04-15,,
tmp2,40832,491,2014-04-16,,
tmp2,41945,492,2014-04-17,,
tmp2,45682,493,2014-04-18,,
tmp2,41435,494,2014-04-19,,
tmp2,35151,495,2014-04-20,,
tmp2,36169,496,2014-04-21,,
tmp2,34391,497,2014-04-22,,
tmp2,27981,498,2014-04-23,,
tmp2,40189,499,2014-04-24,,
tmp2,NA,500,NA,,
tmp2,39385,501,2014-04-25,,
tmp2,36081,502,2014-04-26,,
tmp2,33232,503,2014-04-27,,
tmp2,28668,504,2014-04-28,,
tmp2,25417,505,2014-04-29,,
tmp2,37061,506,2014-04-30,,
tmp2,47324,507,2014-05-01,,
tmp2,43558,508,2014-05-02,,
tmp2,NA,509,NA,,
tmp2,48625,510,2014-05-03,,
tmp2,44141,511,2014-05-04,,
tmp2,27684,512,2014-05-05,,
tmp2,24048,513,2014-05-06,,
tmp2,24605,514,2014-05-07,,
tmp2,25753,515,2014-05-08,,
tmp2,NA,516,NA,,
tmp2,30974,517,2014-05-10,,
tmp2,32510,518,2014-05-09,,
tmp2,17080,519,2014-05-11,,
tmp2,35796,520,2014-05-12,,
tmp2,27979,521,2014-05-13,,
tmp2,30132,522,2014-05-14,,
tmp2,32068,523,2014-05-15,,
tmp2,34392,524,2014-05-16,,
tmp2,34751,525,2014-05-17,,
tmp2,33491,526,2014-05-18,,
tmp2,27378,527,2014-05-19,,
tmp2,28355,528,2014-05-20,,
tmp2,25865,529,2014-05-21,,
tmp2,32965,530,2014-05-22,,
tmp2,37530,531,2014-05-23,,
tmp2,34394,532,2014-05-24,,
tmp2,30113,533,2014-05-25,,
tmp2,33197,534,2014-05-26,,
tmp2,26706,535,2014-05-27,,
tmp2,30527,536,2014-05-28,,
tmp2,33135,537,2014-05-29,,
tmp2,36026,538,2014-05-30,,
tmp2,NA,539,NA,,
tmp2,37285,540,2014-05-31,,
tmp2,35195,541,2014-06-01,,
tmp2,4776,542,2014-06-02,,
tmp2,43169,543,2014-06-03,,
tmp2,44332,544,2014-06-04,,
tmp2,43196,545,2014-06-05,,
tmp2,48557,546,2014-06-06,,
tmp2,28742,547,2014-06-07,,
tmp2,31831,548,2014-06-08,,
tmp2,33202,549,2014-06-09,,
tmp2,32378,550,2014-06-10,,
tmp2,32876,551,2014-06-11,,
tmp2,36440,552,2014-06-12,,
tmp2,35817,553,2014-06-13,,
tmp2,38930,554,2014-06-14,,
tmp2,39631,555,2014-06-15,,
tmp2,37801,556,2014-06-16,,
tmp2,28692,557,2014-06-17,,
tmp2,32355,558,2014-06-18,,
tmp2,38089,559,2014-06-19,,
tmp2,38758,560,2014-06-20,,
tmp2,35436,561,2014-06-21,,
tmp2,35101,562,2014-06-22,,
tmp2,37349,563,2014-06-23,,
tmp2,34352,564,2014-06-24,,
tmp2,39354,565,2014-06-25,,
tmp2,34604,566,2014-06-26,,
tmp2,36956,567,2014-06-27,,
tmp2,37472,568,2014-06-28,,
tmp2,32953,569,2014-06-29,,
tmp2,37574,570,2014-06-30,,
tmp2,31141,571,2014-07-01,,
tmp2,29993,572,2014-07-02,,
tmp2,36779,573,2014-07-03,,
tmp2,36830,574,2014-07-04,,
tmp2,32099,575,2014-07-05,,
tmp2,35647,576,2014-07-06,,
tmp2,33879,577,2014-07-07,,
tmp2,31852,578,2014-07-08,,
tmp2,11173,579,2014-07-09,,
tmp2,40618,580,2014-07-10,,
tmp2,42405,581,2014-07-11,,
tmp2,36631,582,2014-07-12,,
tmp2,43079,583,2014-07-13,,
tmp2,39362,584,2014-07-14,,
tmp2,37240,585,2014-07-15,,
tmp2,41258,586,2014-07-16,,
tmp2,36528,587,2014-07-17,,
tmp2,34849,588,2014-07-18,,
tmp2,39685,589,2014-07-19,,
tmp2,40066,590,2014-07-20,,
tmp2,35686,591,2014-07-21,,
tmp2,31214,592,2014-07-22,,
tmp2,37576,593,2014-07-23,,
tmp2,42481,594,2014-07-24,,
tmp2,NA,595,NA,,
tmp2,41770,596,2014-07-25,,
tmp2,39010,597,2014-07-26,,
tmp2,NA,598,NA,,
tmp2,43375,599,2014-07-27,,
tmp2,44163,600,2014-07-28,,
tmp2,40380,601,2014-07-29,,
tmp2,44702,602,2014-07-30,,
tmp2,44109,603,2014-07-31,,
tmp2,38620,604,2014-08-01,,
tmp2,2451,605,2014-08-02,,
tmp2,49343,606,2014-08-03,,
tmp2,48004,607,2014-08-04,,
tmp2,44880,608,2014-08-05,,
tmp2,41279,609,2014-08-06,,
tmp2,NA,610,NA,,
tmp2,40283,611,2014-08-07,,
tmp2,35306,612,2014-08-08,,
tmp2,32662,613,2014-08-09,,
tmp2,43308,614,2014-08-10,,
tmp2,44723,615,2014-08-11,,
tmp2,39351,616,2014-08-12,,
tmp2,NA,617,NA,,
tmp2,46618,618,2014-08-13,,
tmp2,47278,619,2014-08-14,,
tmp2,52468,620,2014-08-15,,
tmp2,37620,621,2014-08-16,,
tmp2,46646,622,2014-08-17,,
tmp2,45141,623,2014-08-18,,
tmp2,43559,624,2014-08-19,,
tmp2,40962,625,2014-08-20,,
tmp2,40962,626,2014-08-21,,
tmp2,39852,627,2014-08-22,,
tmp2,41942,628,2014-08-23,,
tmp2,42132,629,2014-08-24,,
tmp2,41614,630,2014-08-25,,
tmp2,41170,631,2014-08-26,,
tmp2,42404,632,2014-08-27,,
tmp2,38977,633,2014-08-28,,
tmp2,36388,634,2014-08-29,,
tmp2,33725,635,2014-08-30,,
tmp2,31867,636,2014-08-31,,
tmp2,32079,637,2014-09-01,,
tmp2,28802,638,2014-09-02,,
tmp2,24800,639,2014-09-03,,
tmp2,43668,640,2014-09-05,,
tmp2,50981,641,2014-09-06,,
tmp2,40519,642,2014-09-07,,
tmp2,35427,643,2014-09-08,,
tmp2,35014,644,2014-09-09,,
tmp2,35491,645,2014-09-10,,
tmp2,34582,646,2014-09-11,,
tmp2,33415,647,2014-09-12,,
tmp2,32712,648,2014-09-13,,
tmp2,38940,649,2014-09-14,,
tmp2,38221,650,2014-09-15,,
tmp2,33334,651,2014-09-16,,
tmp2,32902,652,2014-09-17,,
tmp2,37340,653,2014-09-18,,
tmp2,40964,654,2014-09-19,,
tmp2,38722,655,2014-09-20,,
tmp2,40152,656,2014-09-21,,
tmp2,34431,657,2014-09-22,,
tmp2,35607,658,2014-09-23,,
tmp2,29806,659,2014-09-24,,
tmp2,44220,660,2014-09-25,,
tmp2,39416,661,2014-09-26,,
tmp2,39072,662,2014-09-27,,
tmp2,40646,663,2014-09-28,,
tmp2,34984,664,2014-09-29,,
tmp2,33193,665,2014-09-30,,
tmp2,44089,666,2014-10-01,,
tmp2,47939,667,2014-10-02,,
tmp2,47766,668,2014-10-03,,
tmp2,35824,669,2014-10-04,,
tmp2,40675,670,2014-10-05,,
tmp2,39678,671,2014-10-06,,
tmp2,37197,672,2014-10-07,,
tmp2,41609,673,2014-10-08,,
tmp2,47278,674,2014-10-09,,
tmp2,32324,675,2014-10-10,,
tmp2,30512,676,2014-10-11,,
tmp2,34008,677,2014-10-12,,
tmp2,34992,678,2014-10-13,,
tmp2,32556,679,2014-10-14,,
tmp2,38941,680,2014-10-15,,
tmp2,38573,681,2014-10-16,,
tmp2,42520,682,2014-10-17,,
tmp2,39383,683,2014-10-18,,
tmp2,41794,684,2014-10-19,,
tmp2,39830,685,2014-10-20,,
tmp2,35034,686,2014-10-21,,
tmp2,39434,687,2014-10-22,,
tmp2,37763,688,2014-10-23,,
tmp2,40992,689,2014-10-24,,
tmp2,40110,690,2014-10-25,,
tmp2,42526,691,2014-10-26,,
tmp2,36138,692,2014-10-27,,
tmp2,37073,693,2014-10-28,,
tmp2,35754,694,2014-10-29,,
tmp2,35721,695,2014-10-30,,
tmp2,38327,696,2014-10-31,,
tmp2,35206,697,2014-11-01,,
tmp2,33362,698,2014-11-02,,
tmp2,33962,699,2014-11-03,,
tmp2,35064,700,2014-11-04,,
tmp2,33533,701,2014-11-05,dddd,
tmp2,37282,702,2014-11-06,,
tmp2,39136,703,2014-11-07,,
tmp2,40102,704,2014-11-08,,
tmp2,34802,705,2014-11-09,,
tmp2,32408,706,2014-11-10,,
tmp2,28612,707,2014-11-11,,
tmp2,33272,708,2014-11-12,,
tmp2,35522,709,2014-11-13,,
tmp2,37681,710,2014-11-14,,
tmp2,36210,711,2014-11-15,,
tmp2,35363,712,2014-11-16,,
tmp2,32421,713,2014-11-17,,
tmp2,28181,714,2014-11-18,,
tmp2,30116,715,2014-11-19,,
tmp2,37140,716,2014-11-20,,
tmp2,35105,717,2014-11-21,,
tmp2,32550,718,2014-11-22,,
tmp2,30439,719,2014-11-23,,
tmp2,31147,720,2014-11-24,,
tmp2,NA,721,NA,,
tmp2,NA,722,NA,,
tmp2,25563,723,2014-11-25,,
tmp2,27231,724,2014-11-26,,
tmp2,30021,725,2014-11-27,,
tmp2,35962,726,2014-11-28,,
tmp2,29724,727,2014-11-29,,
tmp2,25254,728,2014-11-30,,
tmp2,26255,729,2014-12-01,,
tmp2,21205,730,2014-12-02,,
tmp2,26617,731,2014-12-03,,
tmp2,26706,732,2014-12-04,,
tmp2,28452,733,2014-12-05,,
tmp2,29100,734,2014-12-06,,
tmp2,25783,735,2014-12-07,,
tmp2,25329,736,2014-12-08,,
tmp2,21680,737,2014-12-09,,
tmp2,24817,738,2014-12-10,,
tmp2,26145,739,2014-12-11,,
tmp2,31940,740,2014-12-12,,
tmp2,29338,741,2014-12-13,,
tmp2,30150,742,2014-12-14,,
tmp2,28788,743,2014-12-15,,
tmp2,30004,744,2014-12-16,,
tmp2,27337,745,2014-12-17,,
tmp2,33089,746,2014-12-18,,
tmp2,33452,747,2014-12-19,,
tmp2,34632,748,2014-12-20,,
tmp2,27870,749,2014-12-21,,
tmp2,25249,750,2014-12-22,,
tmp2,23518,751,2014-12-23,,
tmp2,31796,752,2014-12-24,,
tmp2,31416,753,2014-12-25,,
tmp2,29332,754,2014-12-26,,
tmp2,29539,755,2014-12-27,,
tmp2,35014,756,2014-12-28,,
tmp2,31646,757,2014-12-29,,
tmp2,28115,758,2014-12-30,,
tmp2,36446,759,2014-12-31,,
tmp2,NA,760,NA,,
tmp2,NA,761,NA,,
tmp2,NA,762,NA,,
tmp2,NA,763,NA,,
tmp2,NA,764,NA,,
tmp2,33428,765,2015-01-01,,
tmp2,29649,766,2015-01-02,,
tmp2,28545,767,2015-01-03,,
tmp2,27844,768,2015-01-04,,
tmp2,31521,769,2015-01-05,,
tmp2,27113,770,2015-01-06,,
tmp2,25968,771,2015-01-07,,
tmp2,NA,772,NA,,
tmp2,30111,773,2015-01-08,,
tmp2,31314,774,2015-01-09,,
tmp2,31209,775,2015-01-10,,
tmp2,29618,776,2015-01-11,,
tmp2,31203,777,2015-01-12,,
tmp2,27503,778,2015-01-13,,
tmp2,24923,779,2015-01-14,,
tmp2,31490,780,2015-01-15,,
tmp2,32284,781,2015-01-16,,
tmp2,34829,782,2015-01-17,,
tmp2,31034,783,2015-01-18,,
tmp2,30811,784,2015-01-19,,
tmp2,27162,785,2015-01-20,,
tmp2,NA,786,NA,,
tmp2,26267,787,2015-01-21,,
tmp2,31422,788,2015-01-22,,
tmp2,33943,789,2015-01-23,,
tmp2,34437,790,2015-01-24,,
tmp2,31560,791,2015-01-25,,
tmp2,31335,792,2015-01-26,,
tmp2,27612,793,2015-01-27,,
tmp2,28028,794,2015-01-28,,
tmp2,30798,795,2015-01-29,,
tmp2,31230,796,2015-01-30,,
tmp2,31515,797,2015-01-31,,
tmp2,29590,798,2015-02-01,,
tmp2,29804,799,2015-02-02,,
tmp2,27093,800,2015-02-03,,
tmp2,25243,801,2015-02-04,,
tmp2,30375,802,2015-02-05,,
tmp2,31780,803,2015-02-06,,
tmp2,NA,804,NA,,
tmp2,33607,805,2015-02-07,,
tmp2,29309,806,2015-02-08,,
tmp2,32619,807,2015-02-09,,
tmp2,26813,808,2015-02-10,,
tmp2,26749,809,2015-02-11,,
tmp2,29967,810,2015-02-12,,
tmp2,33497,811,2015-02-13,,
tmp2,35685,812,2015-02-14,,
tmp2,32624,813,2015-02-15,,
tmp2,32844,814,2015-02-16,,
tmp2,40378,815,2015-02-17,,
tmp2,43160,816,2015-02-18,,
tmp2,37665,817,2015-02-19,,
tmp2,40314,818,2015-02-20,,
tmp2,NA,819,NA,,
tmp2,33119,820,2015-02-21,,
tmp2,40750,821,2015-02-22,,
tmp2,35985,822,2015-02-23,,
tmp2,NA,823,NA,,
tmp2,35819,824,2015-02-24,,
tmp2,39241,825,2015-02-25,,
tmp2,37310,826,2015-02-26,,
tmp2,37912,827,2015-02-27,,
tmp2,30790,828,2015-02-28,,
tmp2,27622,829,2015-03-01,,
tmp2,25802,830,2015-03-02,,
tmp2,22000,831,2015-03-03,,
tmp2,23129,832,2015-03-04,,
tmp2,26605,833,2015-03-05,,
tmp2,32500,834,2015-03-06,,
tmp2,30727,835,2015-03-07,,
tmp2,26426,836,2015-03-08,,
tmp2,27426,837,2015-03-09,,
tmp2,23087,838,2015-03-10,,
tmp2,24217,839,2015-03-11,,
tmp2,31275,840,2015-03-12,,
tmp2,35611,841,2015-03-13,,
tmp2,38351,842,2015-03-14,,
tmp2,NA,843,NA,,
tmp2,31143,844,2015-03-15,,
tmp2,NA,845,NA,,
tmp2,34079,846,2015-03-16,,
tmp2,27781,847,2015-03-17,,
tmp2,28803,848,2015-03-18,,
tmp2,36184,849,2015-03-19,,
tmp2,42341,850,2015-03-20,,
tmp2,38673,851,2015-03-21,,
tmp2,38348,852,2015-03-22,,
tmp2,36397,853,2015-03-23,,
tmp2,34174,854,2015-03-24,,
tmp2,33607,855,2015-03-25,,
tmp2,38113,856,2015-03-26,,
tmp2,NA,857,NA,,
tmp2,40361,858,2015-03-27,,
tmp2,42852,859,2015-03-28,,
tmp2,NA,860,NA,,
tmp2,36066,861,2015-03-29,,
tmp2,34757,862,2015-03-30,,
tmp2,NA,863,NA,,
tmp2,33068,864,2015-03-31,,
tmp2,37801,865,2015-04-01,,
tmp2,23690,866,2015-04-02,,
tmp2,45631,867,2015-04-03,,
tmp2,NA,868,NA,,
tmp2,38073,869,2015-04-04,,
tmp2,41015,870,2015-04-05,,
tmp2,39283,871,2015-04-06,,
tmp2,35548,872,2015-04-07,,
tmp2,38568,873,2015-04-08,,
tmp2,44034,874,2015-04-09,,
tmp2,42745,875,2015-04-10,,
tmp2,42351,876,2015-04-11,,
tmp2,42898,877,2015-04-12,,
tmp2,42347,878,2015-04-13,,
tmp2,36709,879,2015-04-14,,
tmp2,38435,880,2015-04-15,,
tmp2,42749,881,2015-04-16,,
tmp2,49719,882,2015-04-17,,
tmp2,44731,883,2015-04-18,,
tmp2,40906,884,2015-04-19,,
tmp2,40976,885,2015-04-20,,
tmp2,40688,886,2015-04-21,,
tmp2,39632,887,2015-04-22,,
tmp2,44833,888,2015-04-23,,
tmp2,46125,889,2015-04-24,,
tmp2,48105,890,2015-04-25,,
tmp2,46767,891,2015-04-26,,
tmp2,45208,892,2015-04-27,,
tmp2,39954,893,2015-04-28,,
tmp2,44562,894,2015-04-29,,
tmp2,44738,895,2015-04-30,,
tmp2,53215,896,2015-05-01,,
tmp2,49178,897,2015-05-02,,
tmp2,45659,898,2015-05-03,,
tmp2,36560,899,2015-05-04,,
tmp2,34003,900,2015-05-05,,
tmp2,42308,901,2015-05-06,,
tmp2,34899,902,2015-05-07,,
tmp2,38400,903,2015-05-08,,
tmp2,38461,904,2015-05-09,,
tmp2,41080,905,2015-05-10,,
tmp2,32058,906,2015-05-11,,
tmp2,45421,907,2015-05-12,,
tmp2,38263,908,2015-05-13,,
tmp2,41428,909,2015-05-14,,
tmp2,44729,910,2015-05-15,,
tmp2,44447,911,2015-05-16,,
tmp2,39296,912,2015-05-17,,
tmp2,46456,913,2015-05-18,,
tmp2,39581,914,2015-05-19,,
tmp2,41520,915,2015-05-20,,
tmp2,41135,916,2015-05-21,,
tmp2,49720,917,2015-05-22,,
tmp2,50210,918,2015-05-23,,
tmp2,37972,919,2015-05-24,,
tmp2,35872,920,2015-05-25,,
tmp2,45256,921,2015-05-26,,
tmp2,48380,922,2015-05-27,,
tmp2,44353,923,2015-05-28,,
tmp2,43595,924,2015-05-29,,
tmp2,47932,925,2015-05-30,,
tmp2,40973,926,2015-05-31,,
tmp2,41229,927,2015-06-01,,
tmp2,37329,928,2015-06-02,,
tmp2,41460,929,2015-06-03,,
tmp2,43852,930,2015-06-04,,
tmp2,40866,931,2015-06-05,,
tmp2,37351,932,2015-06-06,,
tmp2,34783,933,2015-06-07,,
tmp2,33522,934,2015-06-08,,
tmp2,31583,935,2015-06-09,,
tmp2,25901,936,2015-06-10,,
tmp2,32396,937,2015-06-11,,
tmp2,35492,938,2015-06-12,,
tmp2,31420,939,2015-06-13,,
tmp2,28213,940,2015-06-14,,
tmp2,29183,941,2015-06-15,,
tmp2,24514,942,2015-06-16,,
tmp2,24677,943,2015-06-17,,
tmp2,30246,944,2015-06-18,,
tmp2,32872,945,2015-06-19,,
tmp2,32525,946,2015-06-20,,
tmp2,29864,947,2015-06-21,,
tmp2,26799,948,2015-06-22,,
tmp2,27055,949,2015-06-23,,
tmp2,21813,950,2015-06-24,,
tmp2,24117,951,2015-06-25,,
tmp2,27980,952,2015-06-26,,
tmp2,33805,953,2015-06-27,,
tmp2,25887,954,2015-06-28,,
tmp2,27490,955,2015-06-29,,
tmp2,21194,956,2015-06-30,,
tmp2,28773,957,2015-07-01,,
tmp2,29709,958,2015-07-02,,
tmp2,32146,959,2015-07-03,,
tmp2,29618,960,2015-07-04,,
tmp2,27682,961,2015-07-05,,
tmp2,30201,962,2015-07-06,,
tmp2,22454,963,2015-07-07,,
tmp2,24432,964,2015-07-08,,
tmp2,30248,965,2015-07-09,,
tmp2,35292,966,2015-07-10,,
tmp2,31160,967,2015-07-11,,
tmp2,20100,968,2015-07-12,,
tmp2,34827,969,2015-07-13,,
tmp2,36155,970,2015-07-14,,
tmp2,33530,971,2015-07-15,,
tmp2,40989,972,2015-07-16,,
tmp2,39376,973,2015-07-17,,
tmp2,35353,974,2015-07-18,,
tmp2,39858,975,2015-07-19,,
tmp2,35023,976,2015-07-20,,
tmp2,31286,977,2015-07-21,,
tmp2,37453,978,2015-07-22,,
tmp2,35869,979,2015-07-23,,
tmp2,35711,980,2015-07-24,,
tmp2,38732,981,2015-07-25,,
tmp2,40966,982,2015-07-26,,
tmp2,42035,983,2015-07-27,,
tmp2,38965,984,2015-07-28,,
tmp2,42651,985,2015-07-29,,
tmp2,45409,986,2015-07-30,,
tmp2,46168,987,2015-07-31,,
tmp2,48285,988,2015-08-01,,
tmp2,46619,989,2015-08-02,,
tmp2,49065,990,2015-08-03,,
tmp2,42623,991,2015-08-04,,
tmp2,42094,992,2015-08-05,,
tmp2,41822,993,2015-08-06,,
tmp2,42640,994,2015-08-07,,
tmp2,43151,995,2015-08-08,,
tmp2,45445,996,2015-08-09,,
tmp2,44722,997,2015-08-10,,
tmp2,36171,998,2015-08-11,,
tmp2,41402,999,2015-08-12,,
tmp2,44536,1000,2015-08-13,,
tmp2,49892,1001,2015-08-14,,
tmp2,38774,1002,2015-08-15,,
tmp2,45236,1003,2015-08-16,,
tmp2,42560,1004,2015-08-17,,
tmp2,35579,1005,2015-08-18,,
tmp2,43001,1006,2015-08-19,,
tmp2,41600,1007,2015-08-20,,
tmp2,39929,1008,2015-08-21,,
tmp2,42658,1009,2015-08-22,,
tmp2,46207,1010,2015-08-23,,
tmp2,40032,1011,2015-08-24,,
tmp2,40584,1012,2015-08-25,,
tmp2,43784,1013,2015-08-26,,
tmp2,45697,1014,2015-08-27,,
tmp2,37620,1015,2015-08-28,,
tmp2,39941,1016,2015-08-29,,
tmp2,38775,1017,2015-08-30,,
tmp2,38774,1018,2015-08-31,,
tmp2,35880,1019,2015-09-01,,
tmp2,39962,1020,2015-09-02,,
tmp2,42932,1021,2015-09-03,,
tmp2,42666,1022,2015-09-04,,
tmp2,41485,1023,2015-09-05,,
tmp2,41492,1024,2015-09-06,,
tmp2,43204,1025,2015-09-07,,
tmp2,37517,1026,2015-09-08,,
tmp2,38420,1027,2015-09-09,,
tmp2,44930,1028,2015-09-10,,
tmp2,45750,1029,2015-09-11,,
tmp2,42989,1030,2015-09-12,,
tmp2,40623,1031,2015-09-13,,
tmp2,37375,1032,2015-09-14,,
tmp2,35683,1033,2015-09-15,,
tmp2,38222,1034,2015-09-16,,
tmp2,40817,1035,2015-09-17,,
tmp2,38600,1036,2015-09-18,,
tmp2,37720,1037,2015-09-19,,
tmp2,36163,1038,2015-09-20,,
tmp2,38382,1039,2015-09-21,,
tmp2,31321,1040,2015-09-22,,
tmp2,30360,1041,2015-09-23,,
tmp2,34165,1042,2015-09-24,,
tmp2,47644,1043,2015-09-25,,
tmp2,54784,1044,2015-09-26,,
tmp2,48549,1045,2015-09-27,,
tmp2,42568,1046,2015-09-28,,
tmp2,39646,1047,2015-09-29,,
tmp2,41711,1048,2015-09-30,,
tmp2,39777,1049,2015-10-01,,
tmp2,46460,1050,2015-10-02,,
tmp2,46365,1051,2015-10-03,,
tmp2,46632,1052,2015-10-04,,
tmp2,45520,1053,2015-10-05,,
tmp2,38255,1054,2015-10-06,,
tmp2,44368,1055,2015-10-07,,
tmp2,53718,1056,2015-10-08,,
tmp2,55887,1057,2015-10-09,,
tmp2,38062,1058,2015-10-10,,
tmp2,43781,1059,2015-10-11,,
tmp2,47278,1060,2015-10-12,,
tmp2,36298,1061,2015-10-13,,
tmp2,43113,1062,2015-10-14,,
tmp2,47318,1063,2015-10-15,,
tmp2,47452,1064,2015-10-16,,
tmp2,50733,1065,2015-10-17,,
tmp2,44889,1066,2015-10-18,,
tmp2,44444,1067,2015-10-19,,
tmp2,44272,1068,2015-10-20,,
tmp2,43564,1069,2015-10-21,,
tmp2,42621,1070,2015-10-22,,
tmp2,46773,1071,2015-10-23,,
tmp2,47978,1072,2015-10-24,,
tmp2,47161,1073,2015-10-25,,
tmp2,39710,1074,2015-10-26,,
tmp2,37973,1075,2015-10-27,,
tmp2,38799,1076,2015-10-28,,
tmp2,44150,1077,2015-10-29,,
tmp2,41443,1078,2015-10-30,,
tmp2,42679,1079,2015-10-31,,
tmp2,40562,1080,2015-11-01,,
tmp2,38305,1081,2015-11-02,,
tmp2,36226,1082,2015-11-03,,
tmp2,39213,1083,2015-11-04,,
tmp2,44427,1084,2015-11-05,,
tmp2,42086,1085,2015-11-06,,
tmp2,43722,1086,2015-11-07,,
tmp2,38790,1087,2015-11-08,,
tmp2,41358,1088,2015-11-09,,
tmp2,34968,1089,2015-11-10,,
tmp2,40809,1090,2015-11-11,,
tmp2,41111,1091,2015-11-12,,
tmp2,42440,1092,2015-11-13,,
tmp2,42514,1093,2015-11-14,,
tmp2,42969,1094,2015-11-15,,
tmp2,35611,1095,2015-11-16,,
tmp2,35351,1096,2015-11-17,,
tmp2,36917,1097,2015-11-18,,
tmp2,38000,1098,2015-11-19,,
tmp2,43250,1099,2015-11-20,,
tmp2,44358,1100,2015-11-21,,
tmp2,37442,1101,2015-11-22,,
tmp2,33465,1102,2015-11-23,,
tmp2,30041,1103,2015-11-24,,
tmp2,35460,1104,2015-11-25,,
tmp2,36335,1105,2015-11-26,,
tmp2,37114,1106,2015-11-27,,
tmp2,36470,1107,2015-11-28,,
tmp2,33766,1108,2015-11-29,,
tmp2,27840,1109,2015-11-30,,
tmp2,27113,1110,2015-12-01,,
tmp2,24735,1111,2015-12-02,,
tmp2,30157,1112,2015-12-03,,
tmp2,34167,1113,2015-12-04,,
tmp2,39864,1114,2015-12-05,,
tmp2,29715,1115,2015-12-06,,
tmp2,32939,1116,2015-12-07,,
tmp2,26694,1117,2015-12-08,,
tmp2,26110,1118,2015-12-09,,
tmp2,32529,1119,2015-12-10,,
tmp2,34020,1120,2015-12-11,,
tmp2,34345,1121,2015-12-12,,
tmp2,33730,1122,2015-12-13,,
tmp2,30508,1123,2015-12-14,,
tmp2,28748,1124,2015-12-15,,
tmp2,27894,1125,2015-12-16,,
tmp2,34734,1126,2015-12-17,,
tmp2,34294,1127,2015-12-18,,
tmp2,38584,1128,2015-12-19,,
tmp2,35822,1129,2015-12-20,,
tmp2,35271,1130,2015-12-21,,
tmp2,28277,1131,2015-12-22,,
tmp2,36966,1132,2015-12-23,,
tmp2,38523,1133,2015-12-24,,
tmp2,46318,1134,2015-12-25,,
tmp2,34463,1135,2015-12-26,,
tmp2,43625,1136,2015-12-27,,
tmp2,39649,1137,2015-12-28,,
tmp2,38535,1138,2015-12-29,,
tmp2,44500,1139,2015-12-30,,
tmp2,43365,1140,2015-12-30,,
tmp2,43365,1141,2015-12-31,,
tmp2,43196,1142,2016-01-01,,
tmp2,33711,1143,2016-01-02,,
tmp2,35086,1144,2016-01-03,,
tmp2,39569,1145,2016-01-04,,
tmp2,34798,1146,2016-01-05,,
tmp2,32931,1147,2016-01-06,,
tmp2,36645,1148,2016-01-07,,
tmp2,36579,1149,2016-01-08,,
tmp2,42647,1150,2016-01-09,,
tmp2,37724,1151,2016-01-10,,
tmp2,36209,1152,2016-01-11,,
tmp2,34362,1153,2016-01-12,,
tmp2,32761,1154,2016-01-13,,
tmp2,NA,1155,NA,,
tmp2,40505,1156,2016-01-14,,
tmp2,40813,1157,2016-01-15,,
tmp2,38884,1158,2016-01-16,,
tmp2,37311,1159,2016-01-17,,
tmp2,35175,1160,2016-01-18,,
tmp2,32379,1161,2016-01-19,,
tmp2,33302,1162,2016-01-20,,
tmp2,42564,1163,2016-01-21,,
tmp2,36978,1164,2016-01-22,,
tmp2,16774,1165,2016-01-23,,
tmp2,0,1166,2016-01-24,,
tmp2,14434,1167,2016-01-25,,
tmp2,33604,1168,2016-01-26,,
tmp2,32694,1169,2016-01-27,,
tmp2,33385,1170,2016-01-28,,
tmp2,30131,1171,2016-01-29,,
tmp2,31977,1172,2016-01-30,,
tmp2,32916,1173,2016-01-31,,
tmp2,32270,1174,2016-02-01,,
tmp2,26562,1175,2016-02-02,,
tmp2,25296,1176,2016-02-03,,
tmp2,32847,1177,2016-02-04,,
tmp2,37684,1178,2016-02-05,,
tmp2,44548,1179,2016-02-06,,
tmp2,45607,1180,2016-02-07,,
tmp2,39401,1181,2016-02-08,,
tmp2,39364,1182,2016-02-09,,
tmp2,40958,1183,2016-02-10,,
tmp2,34350,1184,2016-02-11,,
tmp2,31206,1185,2016-02-12,,
tmp2,36263,1186,2016-02-13,,
tmp2,37073,1187,2016-02-14,,
tmp2,39525,1188,2016-02-15,,
tmp2,38188,1189,2016-02-16,,
tmp2,41839,1190,2016-02-17,,
tmp2,42671,1191,2016-02-18,,
tmp2,37837,1192,2016-02-19,,
tmp2,40683,1193,2016-02-20,,
tmp2,39379,1194,2016-02-21,,
tmp2,NA,1195,NA,,
tmp2,42146,1196,2016-02-22,,
tmp2,40815,1197,2016-02-23,,
tmp2,37791,1198,2016-02-24,,
tmp2,44254,1199,2016-02-25,,
tmp2,44276,1200,2016-02-26,,
tmp2,44168,1201,2016-02-27,,
tmp2,37333,1202,2016-02-28,,
tmp2,27171,1203,2016-02-29,,
tmp2,27354,1204,2016-03-01,,
tmp2,29520,1205,2016-03-02,,
tmp2,28816,1206,2016-03-03,,
tmp2,35044,1207,2016-03-04,,
tmp2,35059,1208,2016-03-05,,
tmp2,31912,1209,2016-03-06,,
tmp2,30187,1210,2016-03-07,,
tmp2,26494,1211,2016-03-08,,
tmp2,28589,1212,2016-03-09,,
tmp2,32514,1213,2016-03-10,,
tmp2,42266,1214,2016-03-11,,
tmp2,37308,1215,2016-03-12,,
tmp2,37029,1216,2016-03-13,,
tmp2,35579,1217,2016-03-14,,
tmp2,36329,1218,2016-03-15,,
tmp2,32635,1219,2016-03-16,,
tmp2,41522,1220,2016-03-17,,
tmp2,44995,1221,2016-03-18,,
tmp2,40910,1222,2016-03-19,,
tmp2,41856,1223,2016-03-20,,
tmp2,39956,1224,2016-03-21,,
tmp2,39024,1225,2016-03-22,,
tmp2,36222,1226,2016-03-23,,
tmp2,42841,1227,2016-03-24,,
tmp2,NA,1228,NA,,
tmp2,NA,1229,NA,,
tmp2,NA,1230,NA,,
tmp2,48744,1231,2016-03-25,,
tmp2,41446,1232,2016-03-26,,
tmp2,45223,1233,2016-03-27,,
tmp2,43369,1234,2016-03-28,,
tmp2,40748,1235,2016-03-29,,
tmp2,39266,1236,2016-03-30,,
tmp2,47081,1237,2016-03-31,,
tmp2,51066,1238,2016-04-01,,
tmp2,49117,1239,2016-04-02,,
tmp2,42606,1240,2016-04-03,,
tmp2,43026,1241,2016-04-04,,
tmp2,47632,1242,2016-04-05,,
tmp2,NA,1243,NA,,
tmp2,42131,1244,2016-04-06,,
tmp2,46321,1245,2016-04-07,,
tmp2,46701,1246,2016-04-08,,
tmp2,51045,1247,2016-04-09,,
tmp2,47323,1248,2016-04-10,,
tmp2,NA,1249,NA,,
tmp2,45639,1250,2016-04-11,,
tmp2,39163,1251,2016-04-12,,
tmp2,40170,1252,2016-04-13,,
tmp2,43505,1253,2016-04-14,,
tmp2,49597,1254,2016-04-15,,
tmp2,22762,1255,2016-04-16,,
tmp2,51189,1256,2016-04-17,,
tmp2,48455,1257,2016-04-18,,
tmp2,47780,1258,2016-04-19,,
tmp2,42063,1259,2016-04-20,,
tmp2,50065,1260,2016-04-21,,
tmp2,48488,1261,2016-04-22,,
tmp2,50226,1262,2016-04-23,,
tmp2,46297,1263,2016-04-24,,
tmp2,48701,1264,2016-04-25,,
tmp2,43303,1265,2016-04-26,,
tmp2,41273,1266,2016-04-27,,
tmp2,50804,1267,2016-04-28,,
tmp2,46054,1268,2016-04-29,,
tmp2,47096,1269,2016-04-30,,
tmp2,47862,1270,2016-05-01,,
tmp2,33221,1271,2016-05-02,,
tmp2,46252,1272,2016-05-03,,
tmp2,50881,1273,2016-05-05,,
tmp2,54657,1274,2016-05-05,,
tmp2,45529,1275,2016-05-06,,
tmp2,35063,1276,2016-05-07,,
tmp2,38976,1277,2016-05-08,,
tmp2,45890,1278,2016-05-09,,
tmp2,43273,1279,2016-05-10,,
tmp2,48286,1280,2016-05-11,,
tmp2,46356,1281,2016-05-12,,
tmp2,49163,1282,2016-05-13,,
tmp2,50052,1283,2016-05-14,,
tmp2,45714,1284,2016-05-15,,
tmp2,44749,1285,2016-05-16,,
tmp2,42391,1286,2016-05-17,,
tmp2,47901,1287,2016-05-18,,
tmp2,51207,1288,2016-05-19,,
tmp2,46837,1289,2016-05-20,,
tmp2,50830,1290,2016-05-21,,
tmp2,45427,1291,2016-05-22,,
tmp2,45865,1292,2016-05-23,,
tmp2,44065,1293,2016-05-24,,
tmp2,48074,1294,2016-05-25,,
tmp2,49322,1295,2016-05-26,,
tmp2,49129,1296,2016-05-27,,
tmp2,50335,1297,2016-05-28,,
tmp2,47823,1298,2016-05-29,,
tmp2,42848,1299,2016-05-30,,
tmp2,42200,1300,2016-05-31,,
tmp2,45247,1301,2016-06-01,,
tmp2,50334,1302,2016-06-02,,
tmp2,55881,1303,2016-06-03,,
tmp2,52454,1304,2016-06-04,,
tmp2,47273,1305,2016-06-05,,
tmp2,45774,1306,2016-06-06,,
tmp2,50881,1307,2016-06-07,,
tmp2,46470,1308,2016-06-08,,
tmp2,47972,1309,2016-06-09,,
tmp2,46835,1310,2016-06-10,,
tmp2,51564,1311,2016-06-11,,
tmp2,53149,1312,2016-06-12,,
tmp2,46034,1313,2016-06-13,,
tmp2,44320,1314,2016-06-14,,
tmp2,45960,1315,2016-06-15,,
tmp2,50340,1316,2016-06-16,,
tmp2,46159,1317,2016-06-17,,
tmp2,47759,1318,2016-06-18,,
tmp2,46615,1319,2016-06-19,,
tmp2,45971,1320,2016-06-20,,
tmp2,43097,1321,2016-06-21,,
tmp2,44151,1322,2016-06-22,,
tmp2,47542,1323,2016-06-23,,
tmp2,41835,1324,2016-06-24,,
tmp2,54027,1325,2016-06-25,,
tmp2,47634,1326,2016-06-26,,
tmp2,47462,1327,2016-06-27,,
tmp2,42077,1328,2016-06-28,,
tmp2,40140,1329,2016-06-29,,
tmp2,48006,1330,2016-06-30,,
tmp2,44092,1331,2016-07-01,,
tmp2,43887,1332,2016-07-02,,
tmp2,42977,1333,2016-07-03,,
tmp2,46943,1334,2016-07-04,,
tmp2,50344,1335,2016-07-05,,
tmp2,46796,1336,2016-07-06,,
tmp2,51332,1337,2016-07-07,,
tmp2,42329,1338,2016-07-08,,
tmp2,45950,1339,2016-07-09,,
tmp2,47390,1340,2016-07-10,,
tmp2,47339,1341,2016-07-11,,
tmp2,47050,1342,2016-07-12,,
tmp2,46538,1343,2016-07-13,,
tmp2,47747,1344,2016-07-14,,
tmp2,48024,1345,2016-07-15,,
tmp2,48834,1346,2016-07-16,,
tmp2,50395,1347,2016-07-17,,
tmp2,49892,1348,2016-07-18,,
tmp2,49121,1349,2016-07-19,,
tmp2,54704,1350,2016-07-20,,
tmp2,51771,1351,2016-07-21,,
tmp2,51729,1352,2016-07-22,,
tmp2,50413,1353,2016-07-23,,
tmp2,46400,1354,2016-07-24,,
tmp2,53004,1355,2016-07-25,,
tmp2,51014,1356,2016-07-26,,
tmp2,53261,1357,2016-07-27,,
tmp2,55699,1358,2016-07-28,,
tmp2,54860,1359,2016-07-29,,
tmp2,59507,1360,2016-07-30,,
tmp2,59404,1361,2016-07-31,,
tmp2,55605,1362,2016-08-01,,
tmp2,49711,1363,2016-08-02,,
tmp2,52178,1364,2016-08-03,,
tmp2,54897,1365,2016-08-04,,
tmp2,49537,1366,2016-08-05,,
tmp2,48956,1367,2016-08-06,,
tmp2,53198,1368,2016-08-07,,
tmp2,53317,1369,2016-08-08,,
tmp2,51065,1370,2016-08-09,,
tmp2,51957,1371,2016-08-10,,
tmp2,52210,1372,2016-08-11,,
tmp2,50664,1373,2016-08-12,,
tmp2,53057,1374,2016-08-13,,
tmp2,56008,1375,2016-08-14,,
tmp2,54595,1376,2016-08-15,,
tmp2,52343,1377,2016-08-16,,
tmp2,44438,1378,2016-08-17,,
tmp2,45711,1379,2016-08-18,,
tmp2,48650,1380,2016-08-19,,
tmp2,49742,1381,2016-08-20,,
tmp2,53704,1382,2016-08-21,,
tmp2,48501,1383,2016-08-22,,
tmp2,48729,1384,2016-08-23,,
tmp2,52214,1385,2016-08-24,,
tmp2,52483,1386,2016-08-25,,
tmp2,46307,1387,2016-08-26,,
tmp2,49355,1388,2016-08-27,,
tmp2,47729,1389,2016-08-28,,
tmp2,44541,1390,2016-08-29,,
tmp2,36102,1391,2016-08-30,,
tmp2,36105,1392,2016-08-31,,
tmp2,44638,1393,2016-09-01,,
tmp2,45556,1394,2016-09-02,,
tmp2,49147,1395,2016-09-03,,
tmp2,42671,1396,2016-09-04,,
tmp2,42348,1397,2016-09-05,,
tmp2,39387,1398,2016-09-06,,
tmp2,35651,1399,2016-09-07,,
tmp2,39984,1400,2016-09-08,,
tmp2,39465,1401,2016-09-09,,
tmp2,47919,1402,2016-09-10,,
tmp2,40928,1403,2016-09-11,,
tmp2,39307,1404,2016-09-12,,
tmp2,56569,1405,2016-09-13,,
tmp2,53090,1406,2016-09-14,,
tmp2,52719,1407,2016-09-15,,
tmp2,44163,1408,2016-09-16,,
tmp2,44028,1409,2016-09-17,,
tmp2,40559,1410,2016-09-18,,
tmp2,34562,1411,2016-09-19,,
tmp2,40961,1412,2016-09-20,,
tmp2,43629,1413,2016-09-21,,
tmp2,53571,1414,2016-09-22,,
tmp2,47708,1415,2016-09-23,,
tmp2,48687,1416,2016-09-24,,
tmp2,49504,1417,2016-09-25,,
tmp2,46229,1418,2016-09-26,,
tmp2,45217,1419,2016-09-27,,
tmp2,40382,1420,2016-09-28,,
tmp2,45446,1421,2016-09-29,,
tmp2,51422,1422,2016-09-30,,
tmp2,62645,1423,2016-10-01,,
tmp2,47935,1424,2016-10-02,,
tmp2,50084,1425,2016-10-03,,
tmp2,37774,1426,2016-10-04,,
tmp2,31747,1427,2016-10-05,,
tmp2,47567,1428,2016-10-06,,
tmp2,46676,1429,2016-10-07,,
tmp2,NA,1430,NA,,
tmp2,45608,1431,2016-10-08,,
tmp2,45588,1432,2016-10-09,,
tmp2,47239,1433,2016-10-10,,
tmp2,45863,1434,2016-10-11,,
tmp2,45952,1435,2016-10-12,,
tmp2,48614,1436,2016-10-13,,
tmp2,49894,1437,2016-10-14,,
tmp2,46389,1438,2016-10-15,,
tmp2,44644,1439,2016-10-16,,
tmp2,47243,1440,2016-10-17,,
tmp2,49807,1441,2016-10-18,,
tmp2,47010,1442,2016-10-19,,
tmp2,48907,1443,2016-10-20,,
tmp2,49596,1444,2016-10-21,,
tmp2,45998,1445,2016-10-22,,
tmp2,47375,1446,2016-10-23,,
tmp2,45836,1447,2016-10-24,,
tmp2,45079,1448,2016-10-25,,
tmp2,48448,1449,2016-10-26,,
tmp2,46493,1450,2016-10-27,,
tmp2,41035,1451,2016-10-28,,
tmp2,48779,1452,2016-10-29,,
tmp2,44815,1453,2016-10-30,,
tmp2,43492,1454,2016-10-31,,
tmp2,41430,1455,2016-11-01,,
tmp2,47280,1456,2016-11-02,,
tmp2,43989,1457,2016-11-03,,
tmp2,48596,1458,2016-11-04,,
tmp2,46768,1459,2016-11-05,,
tmp2,44650,1460,2016-11-06,,
tmp2,39148,1461,2016-11-07,,
tmp2,36412,1462,2016-11-08,,
tmp2,38743,1463,2016-11-09,,
tmp2,45219,1464,2016-11-10,,
tmp2,48388,1465,2016-11-11,,
tmp2,44665,1466,2016-11-12,,
tmp2,43799,1467,2016-11-13,,
tmp2,36805,1468,2016-11-14,,
tmp2,33385,1469,2016-11-15,,
tmp2,38342,1470,2016-11-16,,
tmp2,45596,1471,2016-11-17,,
tmp2,47635,1472,2016-11-18,,
tmp2,43747,1473,2016-11-19,,
tmp2,42880,1474,2016-11-20,,
tmp2,36633,1475,2016-11-21,,
tmp2,34229,1476,2016-11-22,,
tmp2,34176,1477,2016-11-23,,
tmp2,39756,1478,2016-11-24,,
tmp2,45802,1479,2016-11-25,,
tmp2,42602,1480,2016-11-26,,
tmp2,42703,1481,2016-11-27,,
tmp2,33427,1482,2016-11-28,,
tmp2,31810,1483,2016-11-29,,
tmp2,30320,1484,2016-11-30,,
tmp2,37813,1485,2016-12-01,,
tmp2,39871,1486,2016-12-02,,
tmp2,38036,1487,2016-12-03,,
tmp2,37419,1488,2016-12-04,,
tmp2,35934,1489,2016-12-05,,
tmp2,31804,1490,2016-12-06,,
